<?xml version="1.0" encoding="UTF-8" standalone="yes"?>
<addon id="plugin.video.flix2kodi"
       name="Flix2Kodi"
       version="0.4.6"
       provider-name="logi85 and many others (especially z-e-r-o)">
    <requires>
        <import addon="xbmc.python" version="2.1.0"/>
        <import addon="script.module.requests" version="2.8.1"/>
        <import addon="plugin.video.youtube" version="5.1.11"/>
    </requires>
    <extension point="xbmc.python.pluginsource" library="addon.py">
        <provides>video</provides>
    </extension>
    <extension point="xbmc.addon.metadata">
        <summary lang="en">Netflix plugin</summary>
        <summary lang="de">Netflix plugin</summary>
        <description lang="en">Plugin to watch netflix with Kodi.</description>
        <description lang="de">Plugin um Netflix mit Kodi anzusehen.</description>
        <disclaimer lang="en">Some parts of this addon may not be legal in your country of residence - please check with
            your local laws before installing.
        </disclaimer>
        <disclaimer lang="de">Einige Teile dieses Addons sind möglicherweise in Ihrem Land nicht legal - bitte prüfen
            Sie Ihre lokal gültigen Gesetze vor der Installation.
        </disclaimer>
        <language>en de</language>
        <platform>all</platform>
        <license>GNU GENERAL PUBLIC LICENSE. Version 2, June 1991</license>
        <forum>http://forum.kodi.tv/showthread.php?tid=254263</forum>
        <website>https://github.com/logi85/plugin.video.flix2kodi</website>
        <email/>
        <source/>
    </extension>
</addon>
